discipline_id,discipline_name,discipline_slug,sport_id,confidence,mapping_source,created_at_utc
3x3-basketball-basketball,3x3 Basketball (Basketball),3x3-basketball-basketball,3x3-basketball-basketball,0.95,connector_olympics_keith_history,2026-02-20T19:47:06+00:00
archery,Archery,archery,archery,0.95,connector_olympics_keith_history,2026-02-20T19:47:06+00:00
artistic-gymnastics-gymnastics,Artistic Gymnastics (Gymnastics),artistic-gymnastics-gymnastics,artistic-gymnastics-gymnastics,0.95,connector_olympics_keith_history,2026-02-20T19:47:06+00:00
artistic-swimming-aquatics,Artistic Swimming (Aquatics),artistic-swimming-aquatics,artistic-swimming-aquatics,0.95,connector_olympics_keith_history,2026-02-20T19:47:06+00:00
athletics,Athletics,athletics,athletics,0.95,connector_olympics_keith_history,2026-02-20T19:47:06+00:00
badminton,Badminton,badminton,badminton,0.95,connector_olympics_keith_history,2026-02-20T19:47:06+00:00
baseball-baseball-softball,Baseball (Baseball/Softball),baseball-baseball-softball,baseball-baseball-softball,0.95,connector_olympics_keith_history,2026-02-20T19:47:06+00:00
basketball-basketball,Basketball (Basketball),basketball-basketball,basketball-basketball,0.95,connector_olympics_keith_history,2026-02-20T19:47:06+00:00
beach-volleyball-volleyball,Beach Volleyball (Volleyball),beach-volleyball-volleyball,beach-volleyball-volleyball,0.95,connector_olympics_keith_history,2026-02-20T19:47:06+00:00
biathlon,Biathlon,biathlon,biathlon,0.95,connector_olympics_keith_history,2026-02-20T19:47:06+00:00
bobsleigh-bobsleigh,Bobsleigh (Bobsleigh),bobsleigh-bobsleigh,bobsleigh-bobsleigh,0.95,connector_olympics_keith_history,2026-02-20T19:47:06+00:00
boxing,Boxing,boxing,boxing,0.95,connector_olympics_keith_history,2026-02-20T19:47:06+00:00
canoe-slalom-canoeing,Canoe Slalom (Canoeing),canoe-slalom-canoeing,canoe,0.95,connector_olympics_keith_history,2026-02-20T19:47:06+00:00
canoe-sprint-canoeing,Canoe Sprint (Canoeing),canoe-sprint-canoeing,canoe,0.95,connector_olympics_keith_history,2026-02-20T19:47:06+00:00
curling,Curling,curling,curling,0.95,connector_olympics_keith_history,2026-02-20T19:47:06+00:00
cycling-bmx-freestyle-cycling,Cycling BMX Freestyle (Cycling),cycling-bmx-freestyle-cycling,cycling,0.95,connector_olympics_keith_history,2026-02-20T19:47:06+00:00
cycling-bmx-racing-cycling,Cycling BMX Racing (Cycling),cycling-bmx-racing-cycling,cycling,0.95,connector_olympics_keith_history,2026-02-20T19:47:06+00:00
cycling-mountain-bike-cycling,Cycling Mountain Bike (Cycling),cycling-mountain-bike-cycling,cycling,0.95,connector_olympics_keith_history,2026-02-20T19:47:06+00:00
cycling-road-cycling,Cycling Road (Cycling),cycling-road-cycling,cycling,0.95,connector_olympics_keith_history,2026-02-20T19:47:06+00:00
cycling-track-cycling,Cycling Track (Cycling),cycling-track-cycling,cycling,0.95,connector_olympics_keith_history,2026-02-20T19:47:06+00:00
diving-aquatics,Diving (Aquatics),diving-aquatics,diving-aquatics,0.95,connector_olympics_keith_history,2026-02-20T19:47:06+00:00
equestrian-dressage-equestrian,Equestrian Dressage (Equestrian),equestrian-dressage-equestrian,equestrian,0.95,connector_olympics_keith_history,2026-02-20T19:47:06+00:00
equestrian-eventing-equestrian,Equestrian Eventing (Equestrian),equestrian-eventing-equestrian,equestrian,0.95,connector_olympics_keith_history,2026-02-20T19:47:06+00:00
equestrian-jumping-equestrian,Equestrian Jumping (Equestrian),equestrian-jumping-equestrian,equestrian,0.95,connector_olympics_keith_history,2026-02-20T19:47:06+00:00
fencing,Fencing,fencing,fencing,0.95,connector_olympics_keith_history,2026-02-20T19:47:06+00:00
football-football,Football (Football),football-football,football-football,0.95,connector_olympics_keith_history,2026-02-20T19:47:06+00:00
golf,Golf,golf,golf,0.95,connector_olympics_keith_history,2026-02-20T19:47:06+00:00
handball,Handball,handball,handball,0.95,connector_olympics_keith_history,2026-02-20T19:47:06+00:00
hockey,Hockey,hockey,hockey,0.95,connector_olympics_keith_history,2026-02-20T19:47:06+00:00
hockey-5s,Hockey 5s,hockey-5s,hockey-5s,0.95,connector_olympics_keith_history,2026-02-20T19:47:06+00:00
3-on-3-ice-hockey-ice-hockey,3-on-3 Ice Hockey (Ice Hockey),3-on-3-ice-hockey-ice-hockey,ice-hockey,0.95,connector_olympics_keith_history,2026-02-20T19:47:06+00:00
ice-hockey-ice-hockey,Ice Hockey (Ice Hockey),ice-hockey-ice-hockey,ice-hockey,0.95,connector_olympics_keith_history,2026-02-20T19:47:06+00:00
judo,Judo,judo,judo,0.95,connector_olympics_keith_history,2026-02-20T19:47:06+00:00
karate,Karate,karate,karate,0.95,connector_olympics_keith_history,2026-02-20T19:47:06+00:00
luge,Luge,luge,luge,0.95,connector_olympics_keith_history,2026-02-20T19:47:06+00:00
marathon-swimming-aquatics,Marathon Swimming (Aquatics),marathon-swimming-aquatics,marathon-swimming-aquatics,0.95,connector_olympics_keith_history,2026-02-20T19:47:06+00:00
mixed-sports,Mixed Sports,mixed-sports,mixed-sports,0.95,connector_olympics_keith_history,2026-02-20T19:47:06+00:00
modern-pentathlon,Modern Pentathlon,modern-pentathlon,modern-pentathlon,0.95,connector_olympics_keith_history,2026-02-20T19:47:06+00:00
rhythmic-gymnastics-gymnastics,Rhythmic Gymnastics (Gymnastics),rhythmic-gymnastics-gymnastics,rhythmic-gymnastics-gymnastics,0.95,connector_olympics_keith_history,2026-02-20T19:47:06+00:00
rowing,Rowing,rowing,rowing,0.95,connector_olympics_keith_history,2026-02-20T19:47:06+00:00
rugby-sevens-rugby,Rugby Sevens (Rugby),rugby-sevens-rugby,rugby-sevens-rugby,0.95,connector_olympics_keith_history,2026-02-20T19:47:06+00:00
sailing,Sailing,sailing,sailing,0.95,connector_olympics_keith_history,2026-02-20T19:47:06+00:00
shooting,Shooting,shooting,shooting,0.95,connector_olympics_keith_history,2026-02-20T19:47:06+00:00
skateboarding-roller-sports,Skateboarding (Roller Sports),skateboarding-roller-sports,skateboarding-roller-sports,0.95,connector_olympics_keith_history,2026-02-20T19:47:06+00:00
figure-skating-skating,Figure Skating (Skating),figure-skating-skating,skating,0.95,connector_olympics_keith_history,2026-02-20T19:47:06+00:00
roller-skating-roller-sports,Roller Skating (Roller Sports),roller-skating-roller-sports,skating,0.95,connector_olympics_keith_history,2026-02-20T19:47:06+00:00
short-track-speed-skating-skating,Short Track Speed Skating (Skating),short-track-speed-skating-skating,skating,0.95,connector_olympics_keith_history,2026-02-20T19:47:06+00:00
speed-skating-skating,Speed Skating (Skating),speed-skating-skating,skating,0.95,connector_olympics_keith_history,2026-02-20T19:47:06+00:00
skeleton-bobsleigh,Skeleton (Bobsleigh),skeleton-bobsleigh,skeleton-bobsleigh,0.95,connector_olympics_keith_history,2026-02-20T19:47:06+00:00
alpine-skiing-skiing,Alpine Skiing (Skiing),alpine-skiing-skiing,skiing,0.95,connector_olympics_keith_history,2026-02-20T19:47:06+00:00
cross-country-skiing-skiing,Cross Country Skiing (Skiing),cross-country-skiing-skiing,skiing,0.95,connector_olympics_keith_history,2026-02-20T19:47:06+00:00
freestyle-skiing-skiing,Freestyle Skiing (Skiing),freestyle-skiing-skiing,skiing,0.95,connector_olympics_keith_history,2026-02-20T19:47:06+00:00
nordic-combined-skiing,Nordic Combined (Skiing),nordic-combined-skiing,skiing,0.95,connector_olympics_keith_history,2026-02-20T19:47:06+00:00
ski-jumping-skiing,Ski Jumping (Skiing),ski-jumping-skiing,skiing,0.95,connector_olympics_keith_history,2026-02-20T19:47:06+00:00
ski-mountaineering,Ski Mountaineering,ski-mountaineering,skiing,0.95,connector_olympics_keith_history,2026-02-20T19:47:06+00:00
snowboarding-skiing,Snowboarding (Skiing),snowboarding-skiing,skiing,0.95,connector_olympics_keith_history,2026-02-20T19:47:06+00:00
softball-baseball-softball,Softball (Baseball/Softball),softball-baseball-softball,softball-baseball-softball,0.95,connector_olympics_keith_history,2026-02-20T19:47:06+00:00
sport-climbing,Sport Climbing,sport-climbing,sport-climbing,0.95,connector_olympics_keith_history,2026-02-20T19:47:06+00:00
surfing,Surfing,surfing,surfing,0.95,connector_olympics_keith_history,2026-02-20T19:47:06+00:00
swimming-aquatics,Swimming (Aquatics),swimming-aquatics,swimming-aquatics,0.95,connector_olympics_keith_history,2026-02-20T19:47:06+00:00
table-tennis,Table Tennis,table-tennis,table-tennis,0.95,connector_olympics_keith_history,2026-02-20T19:47:06+00:00
taekwondo,Taekwondo,taekwondo,taekwondo,0.95,connector_olympics_keith_history,2026-02-20T19:47:06+00:00
tennis,Tennis,tennis,tennis,0.95,connector_olympics_keith_history,2026-02-20T19:47:06+00:00
trampolining-gymnastics,Trampolining (Gymnastics),trampolining-gymnastics,trampolining-gymnastics,0.95,connector_olympics_keith_history,2026-02-20T19:47:06+00:00
triathlon,Triathlon,triathlon,triathlon,0.95,connector_olympics_keith_history,2026-02-20T19:47:06+00:00
volleyball-volleyball,Volleyball (Volleyball),volleyball-volleyball,volleyball-volleyball,0.95,connector_olympics_keith_history,2026-02-20T19:47:06+00:00
water-polo-aquatics,Water Polo (Aquatics),water-polo-aquatics,water-polo-aquatics,0.95,connector_olympics_keith_history,2026-02-20T19:47:06+00:00
weightlifting,Weightlifting,weightlifting,weightlifting,0.95,connector_olympics_keith_history,2026-02-20T19:47:06+00:00
wrestling,Wrestling,wrestling,wrestling,0.95,connector_olympics_keith_history,2026-02-20T19:47:06+00:00
